model,mse,rmse,mae,r2,mse_std,mae_std,r2_std,dataset,n_samples,n_features,n_samples_name,irrelevant_ratio
TabPFN,3387636428.8,58203.40564606164,39497.66328125,0.9283076047897338,1223085018.9033775,3472.8214228922093,0.016199011087207185,complex_dataset_n1000_noise20_irrelevant0.csv,1000,16,noise20,irrelevant0
CatBoostRegressor,18239052079.931423,135052.03471229682,75012.20369644038,0.623199381652989,6501297338.207556,6854.756549529517,0.06712735903280538,complex_dataset_n1000_noise20_irrelevant0.csv,1000,16,noise20,irrelevant0
RandomForest,23134629577.732662,152100.7218185787,85463.85028524873,0.5075993365975856,5940409876.006146,3458.486495691735,0.05966826286731396,complex_dataset_n1000_noise20_irrelevant0.csv,1000,16,noise20,irrelevant0
LinearRegression,50455363940.34591,224622.714658037,129872.33437103052,-0.056758406069815415,14036982721.820349,11212.100858187445,0.01511093066131577,complex_dataset_n1000_noise20_irrelevant0.csv,1000,16,noise20,irrelevant0
