model,mse,rmse,mae,r2,mse_std,mae_std,r2_std,fit_time_mean,score_time_mean,dataset,n_samples,n_features,n_samples_name,irrelevant_ratio
CatBoostRegressor,1331.1866831643729,36.48543110838041,27.50094980108016,0.7093903401350794,242.98661053768768,1.7184821589320391,0.0344132158951762,0.3803874015808105,0.005561208724975586,complex_dataset_n1000_noise0_irrelevant0.csv,1000,16,noise0,irrelevant0
TabPFN,2327.8212890625,48.24750034004352,39.189177703857425,0.4890243649482727,166.991477426476,1.0235611562096738,0.011096181261911552,0.8588938236236572,196.66860828399658,complex_dataset_n1000_noise0_irrelevant0.csv,1000,16,noise0,irrelevant0
RandomForest,2903.0228496877726,53.87970721605466,44.198935323474586,0.36189499111120227,213.04473205306533,1.2162358621954883,0.03732758692602146,0.8575796127319336,0.012194252014160157,complex_dataset_n1000_noise0_irrelevant0.csv,1000,16,noise0,irrelevant0
LinearRegression,2964.5219035120344,54.44742329543276,44.35692411762291,0.3484845236303857,222.1090988124945,0.6739469031426603,0.03709774147912135,0.0025357723236083983,0.0019754409790039063,complex_dataset_n1000_noise0_irrelevant0.csv,1000,16,noise0,irrelevant0
