model,mse,rmse,mae,r2,mse_std,mae_std,r2_std,fit_time_mean,score_time_mean,dataset,n_samples,n_features,n_samples_name,irrelevant_ratio
CatBoostRegressor,1728.586905906161,41.57627816322862,33.46345790736025,0.6016618675041802,162.67127718879425,2.0966540921891563,0.025865274554254736,0.8172591686248779,0.007944393157958984,complex_dataset_n1000_noise0_irrelevant2.csv,1000,48,noise0,irrelevant2
TabPFN,2517.667431640625,50.17636327635379,42.349535369873045,0.41748437881469724,143.64863750065211,1.2924720427978313,0.04458135723775688,0.8406527042388916,545.9661102771759,complex_dataset_n1000_noise0_irrelevant2.csv,1000,48,noise0,irrelevant2
RandomForest,2958.1444857317083,54.38882684643702,44.865382015114086,0.31502348248737533,132.70691431261537,1.0453248875895862,0.05460669287881441,3.0366106986999513,0.016224098205566407,complex_dataset_n1000_noise0_irrelevant2.csv,1000,48,noise0,irrelevant2
LinearRegression,3000.0215314162915,54.7724523042039,45.50613846784497,0.3057606292912659,170.0592645434589,1.1479388204804355,0.05467822369368225,0.0030893802642822264,0.0020833492279052736,complex_dataset_n1000_noise0_irrelevant2.csv,1000,48,noise0,irrelevant2
