model,mse,rmse,mae,r2,mse_std,mae_std,r2_std,fit_time_mean,score_time_mean,dataset,n_samples,n_features,n_samples_name,irrelevant_ratio
CatBoostRegressor,1747.7014214375354,41.805519030835335,33.68511406161586,0.6033127360478181,75.91389866092042,1.5846454351440247,0.013760974431487202,0.8773762702941894,0.00789942741394043,complex_dataset_n1000_noise10_irrelevant2.csv,1000,48,noise10,irrelevant2
TabPFN,2602.120751953125,51.01098658086437,42.875589752197264,0.4084037184715271,150.270818149205,1.5874954444166234,0.04561859535967973,1.7294556617736816,603.9972793579102,complex_dataset_n1000_noise10_irrelevant2.csv,1000,48,noise10,irrelevant2
RandomForest,3076.0912503980308,55.46252113272557,45.90350007586629,0.300056123782236,153.04069766504745,1.6437917143788505,0.05858823995577944,2.6307280540466307,0.011134576797485352,complex_dataset_n1000_noise10_irrelevant2.csv,1000,48,noise10,irrelevant2
LinearRegression,3092.066214441198,55.60635048662336,46.115774363915406,0.2970605186657091,186.86167742243038,1.4876262343045852,0.054927513368385396,0.0022348880767822264,0.0022039413452148438,complex_dataset_n1000_noise10_irrelevant2.csv,1000,48,noise10,irrelevant2
