model,mse,rmse,mae,r2,mse_std,mae_std,r2_std,dataset,n_samples,n_features,n_samples_name,irrelevant_ratio
TabPFN,3560764198.4,59672.13921420951,8639.59365234375,0.9299756288528442,2847294206.577744,2645.0396086487267,0.049739817026559746,complex_dataset_n1000_noise0_irrelevant0.csv,1000,16,noise0,irrelevant0
CatBoostRegressor,14524934101.581707,120519.43453892284,51990.089803689705,0.6914989776783239,5911071385.077847,6186.198204052055,0.07036593013851879,complex_dataset_n1000_noise0_irrelevant0.csv,1000,16,noise0,irrelevant0
RandomForest,22568646419.88864,150228.64713458827,70343.69825531941,0.5064225481647565,7105598710.394801,5114.985030158019,0.07537971637830612,complex_dataset_n1000_noise0_irrelevant0.csv,1000,16,noise0,irrelevant0
LinearRegression,48286215400.60866,219741.24647095424,125252.00351371507,-0.054249725948467865,13498893818.691057,8553.26613036182,0.013044488579000374,complex_dataset_n1000_noise0_irrelevant0.csv,1000,16,noise0,irrelevant0
