model,mse,rmse,mae,r2,mse_std,mae_std,r2_std,dataset,n_samples,n_features,n_samples_name,irrelevant_ratio
TabPFN,16701446166.4,129234.07509786263,27735.3357421875,0.8208440780639649,16909075191.021116,20024.360035463098,0.12271519110384657,complex_dataset_n200_noise0_irrelevant0.csv,200,16,noise0,irrelevant0
CatBoostRegressor,59784068976.08815,244507.80964232647,112719.85420960418,-0.27737736178450023,37012942136.74716,33786.680145767634,0.9013525377234519,complex_dataset_n200_noise0_irrelevant0.csv,200,16,noise0,irrelevant0
LinearRegression,83899783398.21863,289654.5932627664,157144.77619715972,-0.7204857365978505,52245683864.04724,36944.85791700605,1.0373943875815594,complex_dataset_n200_noise0_irrelevant0.csv,200,16,noise0,irrelevant0
RandomForest,63014332404.18752,251026.55716913205,121402.42613226824,-0.9904198200996923,30916239901.98385,29064.773960573773,2.2741170040187226,complex_dataset_n200_noise0_irrelevant0.csv,200,16,noise0,irrelevant0
