model,mse,rmse,mae,r2,mse_std,mae_std,r2_std,dataset,n_samples,n_features,n_samples_name,irrelevant_ratio
TabPFN,1608226163.2,40102.69521117004,6799.14541015625,0.9594765424728393,714139081.1986685,1556.1346442776412,0.019925025681840586,complex_dataset_n1000_noise0_irrelevant2.csv,1000,48,noise0,irrelevant2
CatBoostRegressor,13322565564.456982,115423.41861362876,55949.630591863286,0.6728784104752819,2448066980.492055,3982.0971374383116,0.0625824680056646,complex_dataset_n1000_noise0_irrelevant2.csv,1000,48,noise0,irrelevant2
RandomForest,19876023083.77795,140982.35025625708,75911.03418920221,0.5122382358870146,1494744729.961707,4047.219554484603,0.051157743257096516,complex_dataset_n1000_noise0_irrelevant2.csv,1000,48,noise0,irrelevant2
LinearRegression,44633120570.81764,211265.52149088986,125549.6807913337,-0.08979182318807388,3697550853.8160167,6187.891947995192,0.041691278081229126,complex_dataset_n1000_noise0_irrelevant2.csv,1000,48,noise0,irrelevant2
