model,mse,rmse,mae,r2,mse_std,mae_std,r2_std,fit_time_mean,score_time_mean,dataset,n_samples,n_features,n_samples_name,irrelevant_ratio
CatBoostRegressor,1602.8632071705454,40.03577409231081,30.43175863006967,0.6582585370992279,187.7345060251436,0.6005087034989374,0.03172170218681578,0.2664331912994385,0.0043070316314697266,complex_dataset_n1000_noise20_irrelevant0.csv,1000,16,noise20,irrelevant0
TabPFN,2609.27216796875,51.081035306351716,41.3538818359375,0.44345004558563234,191.17200741677323,1.48059645542878,0.021863431434605892,0.43912372589111326,185.57008061408996,complex_dataset_n1000_noise20_irrelevant0.csv,1000,16,noise20,irrelevant0
RandomForest,3110.579430883125,55.77256880297988,45.30084684620181,0.33523316929769803,191.87974487149367,1.4256125858611461,0.040512118104494496,0.854624080657959,0.01136918067932129,complex_dataset_n1000_noise20_irrelevant0.csv,1000,16,noise20,irrelevant0
LinearRegression,3208.030495279848,56.6394782398271,45.60416128573202,0.3150980467921169,242.16602894245855,1.2576929250884328,0.04071278179989079,0.0011476516723632813,0.0017431259155273437,complex_dataset_n1000_noise20_irrelevant0.csv,1000,16,noise20,irrelevant0
