model,mse,rmse,mae,r2,mse_std,mae_std,r2_std,dataset,n_samples,n_features,n_samples_name,irrelevant_ratio
TabPFN,1834613811.2,42832.392078892815,22499.98359375,0.9627132415771484,1436391923.9342742,2769.636234851392,0.02193990830315446,complex_dataset_n1000_noise10_irrelevant0.csv,1000,16,noise10,irrelevant0
CatBoostRegressor,15130593289.804447,123006.47661730844,59433.23297484619,0.6776149976742716,5617306171.270702,5572.872685956034,0.06166751562051766,complex_dataset_n1000_noise10_irrelevant0.csv,1000,16,noise10,irrelevant0
RandomForest,21980594697.39675,148258.54004878353,75367.57840408172,0.5211343053376292,6238779514.801309,3869.1667999837723,0.05956747358822867,complex_dataset_n1000_noise10_irrelevant0.csv,1000,16,noise10,irrelevant0
LinearRegression,48882210255.749,221093.21621377033,126450.58678104384,-0.05559788874357881,13761233427.678162,9483.709971291299,0.013819938499441365,complex_dataset_n1000_noise10_irrelevant0.csv,1000,16,noise10,irrelevant0
