model,mse,rmse,mae,r2,mse_std,mae_std,r2_std,dataset,n_samples,n_features,n_samples_name,irrelevant_ratio
TabPFN,1030801372.8,32106.095570779078,6315.991552734375,0.9769234895706177,645008212.3165529,1785.064312607758,0.013383509013514894,complex_dataset_n1000_noise0_irrelevant5.csv,1000,96,noise0,irrelevant5
CatBoostRegressor,16036075323.646948,126633.6263543256,62113.303990871296,0.6239548632221068,3346009678.759807,3503.4189461237333,0.02745764375537745,complex_dataset_n1000_noise0_irrelevant5.csv,1000,96,noise0,irrelevant5
RandomForest,23820409024.321163,154338.6180588681,84874.30445926465,0.4300413202427803,2113847561.36854,3160.241864569447,0.057574729896319565,complex_dataset_n1000_noise0_irrelevant5.csv,1000,96,noise0,irrelevant5
LinearRegression,48756562307.5777,220808.88185844722,134122.05282771302,-0.1540352114910044,7816539013.678841,5714.624410902347,0.07973547695433628,complex_dataset_n1000_noise0_irrelevant5.csv,1000,96,noise0,irrelevant5
