model,mse,rmse,mae,r2,mse_std,mae_std,r2_std,dataset,n_samples,n_features,n_samples_name,irrelevant_ratio
TabPFN,1179332048.0,34341.4042811298,5691.189697265625,0.9715493798255921,1157012779.8004217,1746.4236055873505,0.024354093248502597,complex_dataset_n1000_noise0_irrelevant1.csv,1000,32,noise0,irrelevant1
CatBoostRegressor,11337749898.986221,106478.87066919061,51025.25820244699,0.6945489368687396,2591906632.830995,4860.095666787914,0.03327609113294646,complex_dataset_n1000_noise0_irrelevant1.csv,1000,32,noise0,irrelevant1
RandomForest,17679299943.22797,132963.52862055055,68549.6450445782,0.5193094971446455,3006414594.008404,3836.0254556015675,0.04007119225634387,complex_dataset_n1000_noise0_irrelevant1.csv,1000,32,noise0,irrelevant1
LinearRegression,38806058615.45506,196992.53441553327,117117.39606363839,-0.05685389699626746,5409741639.165664,3324.368510591385,0.03367157646552414,complex_dataset_n1000_noise0_irrelevant1.csv,1000,32,noise0,irrelevant1
