model,mse,rmse,mae,r2,mse_std,mae_std,r2_std,dataset,n_samples,n_features,n_samples_name,irrelevant_ratio
TabPFN,1005100134.4,31703.31424945979,19886.012109375,0.9753816604614258,306833179.8605238,1202.019254482882,0.0084598897331727,complex_dataset_n1000_noise10_irrelevant2.csv,1000,48,noise10,irrelevant2
CatBoostRegressor,14009965038.88996,118363.69814639098,60953.543418346635,0.6579052396125334,2092361919.4254744,2211.420114317799,0.06546344926623472,complex_dataset_n1000_noise10_irrelevant2.csv,1000,48,noise10,irrelevant2
RandomForest,20778955064.34565,144149.07236727417,79116.92573186345,0.49553039694684975,1265172855.388487,3753.826085451021,0.04882741851840852,complex_dataset_n1000_noise10_irrelevant2.csv,1000,48,noise10,irrelevant2
LinearRegression,45149746623.68791,212484.69738710107,127608.1130955081,-0.09144101612264244,3264367222.397448,4705.35554355047,0.0437905387077347,complex_dataset_n1000_noise10_irrelevant2.csv,1000,48,noise10,irrelevant2
