model,mse,rmse,mae,r2,mse_std,mae_std,r2_std,fit_time_mean,score_time_mean,dataset,n_samples,n_features,n_samples_name,irrelevant_ratio
CatBoostRegressor,2360.0433864745605,48.58027775213477,40.50712125191208,0.4843332972808859,188.00518331922635,1.7943101439939555,0.041977236256571175,1.9574745655059815,0.01469578742980957,complex_dataset_n1000_noise0_irrelevant5.csv,1000,96,noise0,irrelevant5
TabPFN,2586.622900390625,50.858852723892866,44.52595443725586,0.4332768201828003,92.05291794229379,0.4934550999507465,0.0463122029973271,1.7347358226776124,1562.706653881073,complex_dataset_n1000_noise0_irrelevant5.csv,1000,96,noise0,irrelevant5
RandomForest,3090.132677257353,55.588961829281835,46.92603454351796,0.3231487624859676,246.4190135114261,1.594644567158857,0.07063652552232937,8.337636184692382,0.027213573455810547,complex_dataset_n1000_noise0_irrelevant5.csv,1000,96,noise0,irrelevant5
LinearRegression,3187.595864715719,56.45879793899015,46.74921518224656,0.2997076039988168,179.20967447618713,1.3904939982958107,0.08345654678384647,0.009726572036743163,0.0033967971801757814,complex_dataset_n1000_noise0_irrelevant5.csv,1000,96,noise0,irrelevant5
